{"finishtemptotal":{"min":727.1123196374,"max":821.8547055336,"score":0.9},"ave_temp_dis":{"min":1124.0,"max":1148.0,"score":0.85},"charging_temp_act":{"min":0.0,"max":532.0,"score":0.75},"crowntotal":{"min":-0.0000537551,"max":0.0000826744,"score":0.7},"tgtplatethickness2":{"min":0.0126,"max":0.02575,"score":0.5},"slab_thickness":{"min":227.0,"max":357.0,"score":0.35},"slab_length":{"min":2860.0,"max":4270.0,"score":0.3},"slab_weight_act":{"min":10180.0,"max":23020.0,"score":0.25},"ave_temp_entry_pre":{"min":352.0,"max":666.0,"score":0.0991},"center_temp_entry_pre":{"min":328.0,"max":643.0,"score":0.0989},"finishtemptail":{"min":708.136680546,"max":816.6682320404,"score":0.0961},"devcrowntotal":{"min":0.0000354184,"max":0.0005796241,"score":0.093},"meas_temp_9":{"min":955.0,"max":1018.0,"score":0.0927},"botwrplatecountrm":{"min":337.9,"max":4081.1,"score":0.0913},"sur_temp_entry_soak":{"min":1152.0,"max":1206.0,"score":0.091},"meas_temp_3":{"min":898.0,"max":1020.0,"score":0.09},"meas_temp_17":{"min":967.0,"max":1021.0,"score":0.0888},"ave_temp_entry_1":{"min":559.0,"max":740.0,"score":0.0884},"max_p2":{"min":737.5381,"max":806.1771,"score":0.0877},"ave_temp_pre":{"min":463.0,"max":705.0,"score":0.0874},"meas_temp_5":{"min":934.0,"max":1016.0,"score":0.0873},"temp_uniformity_entry_soak":{"min":24.0,"max":78.0,"score":0.0854},"meas_temp_14":{"min":968.0,"max":1024.0,"score":0.0851},"ave_temp_soak":{"min":1119.0,"max":1150.0,"score":0.0841},"avg_p2":{"min":729.843,"max":786.7027,"score":0.0838},"avg_p5":{"min":358.1718,"max":553.5063,"score":0.0831},"flag":{"min":0.0,"max":1.0,"score":0.083},"center_temp_entry_1":{"min":522.0,"max":724.0,"score":0.082},"avg_sct":{"min":719.0218,"max":782.7234,"score":0.0815},"min_p5":{"min":341.9811,"max":541.8724,"score":0.0813},"skid_temp_entry_2":{"min":840.0,"max":1025.0,"score":0.0798},"devcrownbody":{"min":0.0000346111,"max":0.000411229,"score":0.0792},"meas_temp_11":{"min":960.0,"max":1022.0,"score":0.0786},"avg_fct":{"min":347.9554,"max":475.1206,"score":0.0769},"t_2":{"min":1127.0,"max":1152.0,"score":0.0764},"slab_width":{"min":1500.0,"max":2300.0,"score":0.0761},"sur_temp_entry_1":{"min":690.0,"max":908.0,"score":0.0749},"sur_temp_entry_pre":{"min":442.9,"max":733.0,"score":0.0741},"staying_time_pre":{"min":118.0,"max":194.0,"score":0.0728},"std_fct":{"min":2.0418,"max":18.8177,"score":0.0723},"skid_temp_entry_1":{"min":554.0,"max":734.0,"score":0.0721},"skid_temp_dis":{"min":1115.0,"max":1140.0,"score":0.0709},"staying_time_1":{"min":58.0,"max":105.1,"score":0.0683},"meas_temp_12":{"min":964.0,"max":1024.0,"score":0.0675},"meas_temp_7":{"min":949.0,"max":1017.0,"score":0.0647},"t_0":{"min":1132.0,"max":1166.0,"score":0.0642},"pass":{"min":16.0,"max":26.0,"score":0.0631},"skid_temp_entry_pre":{"min":348.9,"max":659.1,"score":0.0629},"max_p5":{"min":377.1835,"max":569.921,"score":0.0603},"t_6":{"min":1105.0,"max":1145.0,"score":0.0589},"tgtplatelength2":{"min":23.6078,"max":38.543,"score":0.0587},"wedgehead":{"min":-0.0001325783,"max":0.0000926084,"score":0.0583},"min_fct":{"min":322.596,"max":469.933,"score":0.0566},"botbrplatecountfm":{"min":438.9,"max":18824.1,"score":0.0564},"t_4":{"min":1117.0,"max":1145.0,"score":0.0539},"std_p1":{"min":5.0958,"max":9.557,"score":0.0534},"devwedgebody":{"min":0.0000439735,"max":0.0006516462,"score":0.0529},"wedgebody":{"min":-0.0000465556,"max":0.0000870229,"score":0.0528},"meas_temp_16":{"min":969.0,"max":1023.0,"score":0.0521},"devwedgehead":{"min":0.0,"max":0.0000285253,"score":0.0517},"wedgetail":{"min":-0.0000298122,"max":0.0001898481,"score":0.051},"temp_uniformity_dis":{"min":2.0,"max":29.0,"score":0.0509},"finishtemphead":{"min":703.9086977496,"max":793.4026819833,"score":0.0501},"temp_uniformity_entry_2":{"min":71.0,"max":216.0,"score":0.0498},"ave_temp_entry_soak":{"min":1117.0,"max":1159.0,"score":0.0495},"devfinishtempbody":{"min":4.7188186893,"max":10.6458685461,"score":0.0484},"meas_temp_4":{"min":920.0,"max":1018.0,"score":0.0481},"t_3":{"min":1123.0,"max":1148.0,"score":0.048},"max_fct":{"min":357.4093,"max":482.9929,"score":0.0479},"meas_temp_6":{"min":944.0,"max":1016.0,"score":0.0475},"devwedgetail":{"min":0.0,"max":0.0000997207,"score":0.0475},"sur_temp_dis":{"min":1132.0,"max":1166.0,"score":0.0464},"staying_time_2":{"min":65.0,"max":115.0,"score":0.0464},"meas_temp_1":{"min":857.0,"max":1016.0,"score":0.0463},"meas_temp_18":{"min":962.0,"max":1018.0,"score":0.046},"staying_time_soak":{"min":45.0,"max":84.0,"score":0.045},"devcrowntail":{"min":0.0,"max":0.0001014313,"score":0.0446},"botbrplatecountrm":{"min":4122.9,"max":11304.1,"score":0.0429},"crownhead":{"min":-0.0000995248,"max":0.0000923452,"score":0.0397},"meas_temp_19":{"min":947.0,"max":1019.0,"score":0.0391},"max_sct":{"min":727.4708,"max":792.7366,"score":0.0386},"center_temp_entry_soak":{"min":1104.0,"max":1153.0,"score":0.0373},"center_temp_dis":{"min":1123.0,"max":1148.0,"score":0.0352},"finishtempbody":{"min":731.3250205186,"max":826.2231177931,"score":0.035},"wedgetotal":{"min":-0.0000524533,"max":0.0000964374,"score":0.0349},"min_p1":{"min":730.2391,"max":812.6488,"score":0.0344},"crownbody":{"min":-0.0000542225,"max":0.0000778619,"score":0.0337},"meas_temp_15":{"min":969.0,"max":1024.0,"score":0.0331},"crowntail":{"min":-0.0000755317,"max":0.0001235257,"score":0.0328},"min_p2":{"min":717.506,"max":763.3445,"score":0.0318},"meas_temp_2":{"min":879.0,"max":1020.0,"score":0.0308},"t_1":{"min":1130.0,"max":1159.0,"score":0.0305},"center_temp_entry_2":{"min":802.0,"max":1018.0,"score":0.0275},"min_sct":{"min":704.5096,"max":764.0776,"score":0.0264},"meas_temp_0":{"min":799.9,"max":1014.0,"score":0.0256},"std_p2":{"min":4.514,"max":15.9531,"score":0.0233},"sur_temp_entry_2":{"min":1002.0,"max":1106.0,"score":0.0229},"temp_uniformity_entry_pre":{"min":71.0,"max":138.0,"score":0.0228},"ave_temp_1":{"min":700.0,"max":870.0,"score":0.0227},"ave_temp_entry_2":{"min":854.9,"max":1037.0,"score":0.0213},"skid_temp_entry_soak":{"min":1108.0,"max":1152.0,"score":0.0202},"ave_temp_2":{"min":1019.0,"max":1099.0,"score":0.019},"botwrplatecountfm":{"min":62.0,"max":538.1,"score":0.0181},"meas_temp_13":{"min":965.0,"max":1024.0,"score":0.017},"devfinishtemptotal":{"min":8.8719597466,"max":17.4799319331,"score":0.0158},"t_5":{"min":1112.0,"max":1144.0,"score":0.0148},"avg_p1":{"min":743.7779,"max":827.6462,"score":0.0146},"devfinishtemptail":{"min":4.3719124809,"max":17.741804227,"score":0.0134},"devfinishtemphead":{"min":5.1953463786,"max":21.9211290269,"score":0.0132},"std_p5":{"min":5.3607,"max":16.0034,"score":0.0096},"std_sct":{"min":4.6555,"max":10.968,"score":0.0092},"tgtwidth":{"min":2.581,"max":3.894,"score":0.0052},"temp_uniformity_entry_1":{"min":113.0,"max":222.0,"score":0.0049},"meas_temp_8":{"min":952.0,"max":1017.0,"score":0.0049},"meas_temp_10":{"min":958.0,"max":1020.1,"score":0.0041},"max_p1":{"min":754.3039,"max":837.6698,"score":0.0039},"devwedgetotal":{"min":0.000045017,"max":0.0010329838,"score":0.0037},"devcrownhead":{"min":0.0,"max":0.0000239176,"score":0.003}}